image_id,label
10000.jpg,0
10001.jpg,0
10002.jpg,1
10003.jpg,1
10004.jpg,1
10005.jpg,1
10006.jpg,0
10007.jpg,0
10008.jpg,0
10009.jpg,0
10010.jpg,1
10011.jpg,0
10012.jpg,1
10013.jpg,0
10014.jpg,0
10015.jpg,1
10016.jpg,0
10017.jpg,0
10018.jpg,0
10019.jpg,1
10020.jpg,0
10021.jpg,0
10022.jpg,0
10023.jpg,1
10024.jpg,0
10025.jpg,1
10026.jpg,0
10027.jpg,0
10028.jpg,1
10029.jpg,0
10030.jpg,0
10031.jpg,0
10032.jpg,0
10033.jpg,0
10034.jpg,0
10035.jpg,1
10036.jpg,0
10037.jpg,0
10038.jpg,0
10039.jpg,0
10040.jpg,0
10041.jpg,0
10042.jpg,0
10043.jpg,0
10044.jpg,1
10045.jpg,0
10046.jpg,0
10047.jpg,0
10048.jpg,1
10049.jpg,1
10050.jpg,0
10051.jpg,0
10052.jpg,1
10053.jpg,1
10054.jpg,0
10055.jpg,0
10056.jpg,1
10057.jpg,0
10058.jpg,1
10059.jpg,0
10060.jpg,0
10061.jpg,0
10062.jpg,0
10063.jpg,0
10064.jpg,0
10065.jpg,0
10066.jpg,1
10067.jpg,0
10068.jpg,0
10069.jpg,0
10070.jpg,0
10071.jpg,0
10072.jpg,0
10073.jpg,1
10074.jpg,0
10075.jpg,0
10076.jpg,0
10077.jpg,1
10078.jpg,0
10079.jpg,1
10080.jpg,0
10081.jpg,1
10082.jpg,1
10083.jpg,1
10084.jpg,1
10085.jpg,1
10086.jpg,0
10087.jpg,1
10088.jpg,0
10089.jpg,0
10090.jpg,0
10091.jpg,0
10092.jpg,0
10093.jpg,0
10094.jpg,0
10095.jpg,0
10096.jpg,1
10097.jpg,0
10098.jpg,1
10099.jpg,0
10100.jpg,0
10101.jpg,1
10102.jpg,0
10103.jpg,1
10104.jpg,1
10105.jpg,0
10106.jpg,0
10107.jpg,0
10108.jpg,1
10109.jpg,1
10110.jpg,0
10111.jpg,0
10112.jpg,0
10113.jpg,0
10114.jpg,0
10115.jpg,0
10116.jpg,0
10117.jpg,0
10118.jpg,1
10119.jpg,1
10120.jpg,0
10121.jpg,1
10122.jpg,0
10123.jpg,1
10124.jpg,0
10125.jpg,1
10126.jpg,0
10127.jpg,0
10128.jpg,0
10129.jpg,1
10130.jpg,1
10131.jpg,0
10132.jpg,0
10133.jpg,0
10134.jpg,1
10135.jpg,1
10136.jpg,0
10137.jpg,0
10138.jpg,0
10139.jpg,0
10140.jpg,0
10141.jpg,1
10142.jpg,1
10143.jpg,0
10144.jpg,1
10145.jpg,0
10146.jpg,1
10147.jpg,0
10148.jpg,0
10149.jpg,1
10150.jpg,0
10151.jpg,0
10152.jpg,1
10153.jpg,1
10154.jpg,1
10155.jpg,1
10156.jpg,0
10157.jpg,1
10158.jpg,1
10159.jpg,0
10160.jpg,0
10161.jpg,0
10162.jpg,0
10163.jpg,1
10164.jpg,1
10165.jpg,1
10166.jpg,0
10167.jpg,0
10168.jpg,0
10169.jpg,0
10170.jpg,1
10171.jpg,0
10172.jpg,1
10173.jpg,0
10174.jpg,0
10175.jpg,0
10176.jpg,1
10177.jpg,0
10178.jpg,0
10179.jpg,0
10180.jpg,0
10181.jpg,1
10182.jpg,0
10183.jpg,0
10184.jpg,0
10185.jpg,0
10186.jpg,1
10187.jpg,0
10188.jpg,0
10189.jpg,0
10190.jpg,0
10191.jpg,1
10192.jpg,0
10193.jpg,0
10194.jpg,0
10195.jpg,0
10196.jpg,0
10197.jpg,0
10198.jpg,0
10199.jpg,0
10200.jpg,0
10201.jpg,0
10202.jpg,0
10203.jpg,0
10204.jpg,1
10205.jpg,1
10206.jpg,1
10207.jpg,0
10208.jpg,0
10209.jpg,0
10210.jpg,0
10211.jpg,0
10212.jpg,0
10213.jpg,0
10214.jpg,0
10215.jpg,0
10216.jpg,0
10217.jpg,1
10218.jpg,1
10219.jpg,0
10220.jpg,1
10221.jpg,1
10222.jpg,0
10223.jpg,0
10224.jpg,0
10225.jpg,0
10226.jpg,0
10227.jpg,0
10228.jpg,0
10229.jpg,0
10230.jpg,0
10231.jpg,0
10232.jpg,0
10233.jpg,0
10234.jpg,0
10235.jpg,1
10236.jpg,0
10237.jpg,0
10238.jpg,0
10239.jpg,0
10240.jpg,0
10241.jpg,1
10242.jpg,0
10243.jpg,0
10244.jpg,0
10245.jpg,0
10246.jpg,0
10247.jpg,0
10248.jpg,1
10249.jpg,0
10250.jpg,1
10251.jpg,0
10252.jpg,0
10253.jpg,0
10254.jpg,0
10255.jpg,0
10256.jpg,0
10257.jpg,1
10258.jpg,0
10259.jpg,0
10260.jpg,0
10261.jpg,0
10262.jpg,1
10263.jpg,0
10264.jpg,1
10265.jpg,0
10266.jpg,0
10267.jpg,0
10268.jpg,1
10269.jpg,0
10270.jpg,0
10271.jpg,0
10272.jpg,0
10273.jpg,0
10274.jpg,0
10275.jpg,1
10276.jpg,1
10277.jpg,0
10278.jpg,0
10279.jpg,0
10280.jpg,0
10281.jpg,1
10282.jpg,0
10283.jpg,1
10284.jpg,1
10285.jpg,0
10286.jpg,0
10287.jpg,0
10288.jpg,1
10289.jpg,0
10290.jpg,0
10291.jpg,0
10292.jpg,0
10293.jpg,1
10294.jpg,1
10295.jpg,1
10296.jpg,1
10297.jpg,1
10298.jpg,0
10299.jpg,0
10300.jpg,0
10301.jpg,1
10302.jpg,0
10303.jpg,0
10304.jpg,0
10305.jpg,0
10306.jpg,1
10307.jpg,0
10308.jpg,0
10309.jpg,0
10310.jpg,0
10311.jpg,0
10312.jpg,1
10313.jpg,0
10314.jpg,0
10315.jpg,1
10316.jpg,1
10317.jpg,0
10318.jpg,1
10319.jpg,0
10320.jpg,1
10321.jpg,0
10322.jpg,1
10323.jpg,0
10324.jpg,0
10325.jpg,0
10326.jpg,0
10327.jpg,0
10328.jpg,0
10329.jpg,1
10330.jpg,1
10331.jpg,0
10332.jpg,0
10333.jpg,1
10334.jpg,0
10335.jpg,1
10336.jpg,0
10337.jpg,0
10338.jpg,0
10339.jpg,0
10340.jpg,0
10341.jpg,0
10342.jpg,0
10343.jpg,1
10344.jpg,0
10345.jpg,0
10346.jpg,0
10347.jpg,1
10348.jpg,0
10349.jpg,0
10350.jpg,1
10351.jpg,0
10352.jpg,0
10353.jpg,0
10354.jpg,0
10355.jpg,0
10356.jpg,1
10357.jpg,0
10358.jpg,0
10359.jpg,1
10360.jpg,0
10361.jpg,1
10362.jpg,1
10363.jpg,0
10364.jpg,1
10365.jpg,0
10366.jpg,0
10367.jpg,1
10368.jpg,0
10369.jpg,0
10370.jpg,0
10371.jpg,0
10372.jpg,0
10373.jpg,0
10374.jpg,1
10375.jpg,0
10376.jpg,0
10377.jpg,1
10378.jpg,1
10379.jpg,0
10380.jpg,0
10381.jpg,0
10382.jpg,0
10383.jpg,0
10384.jpg,0
10385.jpg,0
10386.jpg,0
10387.jpg,0
10388.jpg,0
10389.jpg,1
10390.jpg,1
10391.jpg,0
10392.jpg,1
10393.jpg,0
10394.jpg,0
10395.jpg,0
10396.jpg,0
10397.jpg,0
10398.jpg,0
10399.jpg,0
10400.jpg,0
10401.jpg,0
10402.jpg,0
10403.jpg,1
10404.jpg,0
10405.jpg,1
10406.jpg,0
10407.jpg,0
10408.jpg,0
10409.jpg,0
10410.jpg,1
10411.jpg,0
10412.jpg,0
10413.jpg,0
10414.jpg,1
10415.jpg,0
10416.jpg,0
10417.jpg,0
10418.jpg,1
10419.jpg,0
10420.jpg,0
10421.jpg,0
10422.jpg,1
10423.jpg,1
10424.jpg,1
10425.jpg,0
10426.jpg,0
10427.jpg,1
10428.jpg,1
10429.jpg,1
10430.jpg,1
10431.jpg,0
10432.jpg,0
10433.jpg,1
10434.jpg,0
10435.jpg,1
10436.jpg,1
10437.jpg,1
10438.jpg,0
10439.jpg,1
10440.jpg,1
10441.jpg,0
10442.jpg,0
10443.jpg,0
10444.jpg,0
10445.jpg,0
10446.jpg,0
10447.jpg,0
10448.jpg,0
10449.jpg,0
10450.jpg,0
10451.jpg,0
10452.jpg,1
10453.jpg,1
10454.jpg,0
10455.jpg,0
10456.jpg,0
10457.jpg,0
10458.jpg,0
10459.jpg,0
10460.jpg,0
10461.jpg,0
10462.jpg,0
10463.jpg,1
10464.jpg,0
10465.jpg,0
10466.jpg,1
10467.jpg,1
10468.jpg,0
10469.jpg,1
10470.jpg,0
10471.jpg,0
10472.jpg,0
10473.jpg,0
10474.jpg,1
10475.jpg,1
10476.jpg,0
10477.jpg,0
10478.jpg,0
10479.jpg,1
10480.jpg,1
10481.jpg,0
10482.jpg,1
10483.jpg,0
10484.jpg,0
10485.jpg,0
10486.jpg,1
10487.jpg,0
10488.jpg,0
10489.jpg,0
10490.jpg,0
10491.jpg,0
10492.jpg,0
10493.jpg,0
10494.jpg,0
10495.jpg,0
10496.jpg,0
10497.jpg,0
10498.jpg,0
10499.jpg,0
10500.jpg,0
10501.jpg,0
10502.jpg,0
10503.jpg,0
10504.jpg,1
10505.jpg,1
10506.jpg,1
10507.jpg,1
10508.jpg,1
10509.jpg,1
10510.jpg,1
10511.jpg,1
10512.jpg,0
10513.jpg,1
10514.jpg,1
10515.jpg,0
10516.jpg,0
10517.jpg,0
10518.jpg,0
10519.jpg,0
10520.jpg,1
10521.jpg,0
10522.jpg,0
10523.jpg,1
10524.jpg,1
10525.jpg,0
10526.jpg,0
10527.jpg,0
10528.jpg,0
10529.jpg,0
10530.jpg,0
10531.jpg,0
10532.jpg,0
10533.jpg,0
10534.jpg,0
10535.jpg,1
10536.jpg,0
10537.jpg,1
10538.jpg,1
10539.jpg,0
10540.jpg,0
10541.jpg,1
10542.jpg,0
10543.jpg,0
10544.jpg,0
10545.jpg,0
10546.jpg,0
10547.jpg,1
10548.jpg,0
10549.jpg,0
10550.jpg,0
10551.jpg,0
10552.jpg,1
10553.jpg,0
10554.jpg,0
10555.jpg,0
10556.jpg,0
10557.jpg,0
10558.jpg,0
10559.jpg,0
10560.jpg,0
10561.jpg,0
10562.jpg,1
10563.jpg,0
10564.jpg,0
10565.jpg,0
10566.jpg,1
10567.jpg,1
10568.jpg,1
10569.jpg,0
10570.jpg,1
10571.jpg,0
10572.jpg,0
10573.jpg,1
10574.jpg,0
10575.jpg,0
10576.jpg,1
10577.jpg,0
10578.jpg,0
10579.jpg,0
10580.jpg,1
10581.jpg,0
10582.jpg,0
10583.jpg,1
10584.jpg,0
10585.jpg,0
10586.jpg,0
10587.jpg,1
10588.jpg,0
10589.jpg,1
10590.jpg,0
10591.jpg,1
10592.jpg,1
10593.jpg,0
10594.jpg,1
10595.jpg,0
10596.jpg,1
10597.jpg,0
10598.jpg,0
10599.jpg,0
10600.jpg,1
10601.jpg,0
10602.jpg,1
10603.jpg,0
10604.jpg,0
10605.jpg,0
10606.jpg,0
10607.jpg,0
10608.jpg,0
10609.jpg,1
10610.jpg,1
10611.jpg,0
10612.jpg,0
10613.jpg,1
10614.jpg,0
10615.jpg,1
10616.jpg,0
10617.jpg,0
10618.jpg,0
10619.jpg,0
10620.jpg,0
10621.jpg,1
10622.jpg,0
10623.jpg,0
10624.jpg,1
10625.jpg,0
10626.jpg,1
10627.jpg,0
10628.jpg,1
10629.jpg,0
10630.jpg,0
10631.jpg,0
10632.jpg,0
10633.jpg,0
10634.jpg,1
10635.jpg,0
10636.jpg,1
10637.jpg,0
10638.jpg,0
10639.jpg,0
10640.jpg,0
10641.jpg,1
10642.jpg,0
10643.jpg,0
10644.jpg,0
10645.jpg,0
10646.jpg,0
10647.jpg,0
10648.jpg,1
10649.jpg,0
10650.jpg,0
10651.jpg,0
10652.jpg,0
10653.jpg,0
10654.jpg,0
10655.jpg,0
10656.jpg,0
10657.jpg,0
10658.jpg,1
10659.jpg,0
10660.jpg,1
10661.jpg,0
10662.jpg,0
10663.jpg,0
10664.jpg,1
10665.jpg,0
10666.jpg,0
10667.jpg,0
10668.jpg,0
10669.jpg,0
10670.jpg,0
10671.jpg,0
10672.jpg,1
10673.jpg,1
10674.jpg,0
10675.jpg,1
10676.jpg,0
10677.jpg,0
10678.jpg,1
10679.jpg,0
10680.jpg,0
10681.jpg,0
10682.jpg,0
10683.jpg,0
10684.jpg,0
10685.jpg,1
10686.jpg,0
10687.jpg,1
10688.jpg,0
10689.jpg,1
10690.jpg,1
10691.jpg,0
10692.jpg,0
10693.jpg,0
10694.jpg,1
10695.jpg,1
10696.jpg,0
10697.jpg,0
10698.jpg,0
10699.jpg,0
10700.jpg,0
10701.jpg,0
10702.jpg,1
10703.jpg,0
10704.jpg,1
10705.jpg,1
10706.jpg,0
10707.jpg,0
10708.jpg,0
10709.jpg,0
10710.jpg,0
10711.jpg,0
10712.jpg,0
10713.jpg,0
10714.jpg,1
10715.jpg,0
10716.jpg,0
10717.jpg,1
10718.jpg,1
10719.jpg,0
10720.jpg,0
10721.jpg,0
10722.jpg,0
10723.jpg,1
10724.jpg,1
10725.jpg,0
10726.jpg,1
10727.jpg,0
10728.jpg,0
10729.jpg,0
10730.jpg,0
10731.jpg,1
10732.jpg,0
10733.jpg,0
10734.jpg,0
10735.jpg,0
10736.jpg,1
10737.jpg,1
10738.jpg,0
10739.jpg,0
10740.jpg,0
10741.jpg,0
10742.jpg,1
10743.jpg,0
10744.jpg,0
10745.jpg,0
10746.jpg,0
10747.jpg,1
10748.jpg,1
10749.jpg,0
10750.jpg,0
10751.jpg,1
10752.jpg,0
10753.jpg,0
10754.jpg,0
10755.jpg,0
10756.jpg,0
10757.jpg,0
10758.jpg,0
10759.jpg,0
10760.jpg,0
10761.jpg,0
10762.jpg,0
10763.jpg,0
10764.jpg,1
10765.jpg,0
10766.jpg,1
10767.jpg,0
10768.jpg,1
10769.jpg,1
10770.jpg,0
10771.jpg,0
10772.jpg,0
10773.jpg,0
10774.jpg,1
10775.jpg,0
10776.jpg,0
10777.jpg,0
10778.jpg,1
10779.jpg,0
10780.jpg,1
10781.jpg,1
10782.jpg,0
10783.jpg,0
10784.jpg,0
10785.jpg,0
10786.jpg,0
10787.jpg,1
10788.jpg,0
10789.jpg,0
10790.jpg,0
10791.jpg,1
10792.jpg,0
10793.jpg,1
10794.jpg,1
10795.jpg,0
10796.jpg,1
10797.jpg,0
10798.jpg,1
10799.jpg,0
10800.jpg,0
10801.jpg,0
10802.jpg,0
10803.jpg,0
10804.jpg,0
10805.jpg,0
10806.jpg,1
10807.jpg,0
10808.jpg,0
10809.jpg,0
10810.jpg,1
10811.jpg,0
10812.jpg,1
10813.jpg,0
10814.jpg,0
10815.jpg,0
10816.jpg,0
10817.jpg,1
10818.jpg,0
10819.jpg,0
10820.jpg,1
10821.jpg,0
10822.jpg,0
10823.jpg,0
10824.jpg,1
10825.jpg,0
10826.jpg,1
10827.jpg,0
10828.jpg,0
10829.jpg,0
10830.jpg,0
10831.jpg,1
10832.jpg,0
10833.jpg,1
10834.jpg,1
10835.jpg,0
10836.jpg,0
10837.jpg,0
10838.jpg,1
10839.jpg,0
10840.jpg,0
10841.jpg,0
10842.jpg,0
10843.jpg,0
10844.jpg,0
10845.jpg,0
10846.jpg,1
10847.jpg,1
10848.jpg,0
10849.jpg,0
10850.jpg,0
10851.jpg,0
10852.jpg,0
10853.jpg,0
10854.jpg,1
10855.jpg,0
10856.jpg,0
10857.jpg,0
10858.jpg,1
10859.jpg,0
10860.jpg,0
10861.jpg,1
10862.jpg,0
10863.jpg,1
10864.jpg,0
10865.jpg,1
10866.jpg,1
10867.jpg,0
10868.jpg,0
10869.jpg,0
10870.jpg,0
10871.jpg,0
10872.jpg,0
10873.jpg,0
10874.jpg,0
10875.jpg,0
10876.jpg,0
10877.jpg,0
10878.jpg,1
10879.jpg,0
10880.jpg,0
10881.jpg,0
10882.jpg,0
10883.jpg,1
10884.jpg,0
10885.jpg,0
10886.jpg,0
10887.jpg,0
10888.jpg,0
10889.jpg,0
10890.jpg,1
10891.jpg,0
10892.jpg,0
10893.jpg,0
10894.jpg,0
10895.jpg,0
10896.jpg,0
10897.jpg,1
10898.jpg,1
10899.jpg,1
10900.jpg,0
10901.jpg,0
10902.jpg,1
10903.jpg,1
10904.jpg,0
10905.jpg,0
10906.jpg,0
10907.jpg,0
10908.jpg,0
10909.jpg,0
10910.jpg,0
10911.jpg,0
10912.jpg,0
10913.jpg,0
10914.jpg,0
10915.jpg,0
10916.jpg,0
10917.jpg,0
10918.jpg,0
10919.jpg,0
10920.jpg,0
10921.jpg,0
10922.jpg,0
10923.jpg,0
10924.jpg,0
10925.jpg,1
10926.jpg,0
10927.jpg,1
10928.jpg,0
10929.jpg,0
10930.jpg,0
10931.jpg,1
10932.jpg,0
10933.jpg,0
10934.jpg,0
10935.jpg,0
10936.jpg,0
10937.jpg,0
10938.jpg,0
10939.jpg,1
10940.jpg,1
10941.jpg,0
10942.jpg,0
10943.jpg,0
10944.jpg,0
10945.jpg,1
10946.jpg,0
10947.jpg,0
10948.jpg,0
10949.jpg,0
10950.jpg,1
10951.jpg,0
10952.jpg,1
10953.jpg,1
10954.jpg,1
10955.jpg,0
10956.jpg,0
10957.jpg,0
10958.jpg,1
10959.jpg,1
10960.jpg,0
10961.jpg,1
10962.jpg,1
10963.jpg,1
10964.jpg,0
10965.jpg,0
10966.jpg,0
10967.jpg,1
10968.jpg,0
10969.jpg,0
10970.jpg,0
10971.jpg,0
10972.jpg,0
10973.jpg,0
10974.jpg,0
10975.jpg,0
10976.jpg,1
10977.jpg,0
10978.jpg,0
10979.jpg,0
10980.jpg,1
10981.jpg,1
10982.jpg,0
10983.jpg,0
10984.jpg,0
10985.jpg,1
10986.jpg,0
10987.jpg,0
10988.jpg,1
10989.jpg,0
10990.jpg,1
10991.jpg,0
10992.jpg,0
10993.jpg,0
10994.jpg,0
10995.jpg,0
10996.jpg,0
10997.jpg,0
10998.jpg,0
10999.jpg,0
11000.jpg,1
11001.jpg,1
11002.jpg,1
11003.jpg,0
11004.jpg,0
11005.jpg,0
11006.jpg,1
11007.jpg,0
11008.jpg,0
11009.jpg,1
11010.jpg,1
11011.jpg,1
11012.jpg,1
11013.jpg,0
11014.jpg,1
11015.jpg,0
11016.jpg,0
11017.jpg,0
11018.jpg,0
11019.jpg,0
11020.jpg,0
11021.jpg,0
11022.jpg,1
11023.jpg,0
11024.jpg,1
11025.jpg,1
11026.jpg,0
11027.jpg,0
11028.jpg,0
11029.jpg,0
11030.jpg,1
11031.jpg,0
11032.jpg,0
11033.jpg,0
11034.jpg,0
11035.jpg,1
11036.jpg,1
11037.jpg,1
11038.jpg,0
11039.jpg,0
11040.jpg,1
11041.jpg,1
11042.jpg,1
11043.jpg,0
11044.jpg,1
11045.jpg,1
11046.jpg,1
11047.jpg,0
11048.jpg,1
11049.jpg,1
11050.jpg,0
11051.jpg,0
11052.jpg,0
11053.jpg,0
11054.jpg,0
11055.jpg,1
11056.jpg,1
11057.jpg,0
11058.jpg,1
11059.jpg,1
11060.jpg,1
11061.jpg,0
11062.jpg,1
11063.jpg,0
11064.jpg,1
11065.jpg,1
11066.jpg,0
11067.jpg,0
11068.jpg,0
11069.jpg,0
11070.jpg,0
11071.jpg,0
11072.jpg,1
11073.jpg,0
11074.jpg,0
11075.jpg,0
11076.jpg,0
11077.jpg,0
11078.jpg,0
11079.jpg,1
11080.jpg,1
11081.jpg,0
11082.jpg,0
11083.jpg,0
11084.jpg,1
11085.jpg,0
11086.jpg,1
11087.jpg,0
11088.jpg,1
11089.jpg,1
11090.jpg,0
11091.jpg,0
11092.jpg,0
11093.jpg,1
11094.jpg,1
11095.jpg,0
11096.jpg,0
11097.jpg,1
11098.jpg,1
11099.jpg,0
11100.jpg,0
11101.jpg,0
11102.jpg,0
11103.jpg,0
11104.jpg,1
11105.jpg,1
11106.jpg,1
11107.jpg,0
11108.jpg,0
11109.jpg,1
11110.jpg,1
11111.jpg,0
11112.jpg,0
11113.jpg,0
11114.jpg,1
11115.jpg,0
11116.jpg,1
11117.jpg,0
11118.jpg,0
11119.jpg,1
11120.jpg,0
11121.jpg,0
11122.jpg,1
11123.jpg,1
11124.jpg,1
11125.jpg,0
11126.jpg,1
11127.jpg,1
11128.jpg,1
11129.jpg,0
11130.jpg,0
11131.jpg,0
11132.jpg,0
11133.jpg,0
11134.jpg,0
11135.jpg,1
11136.jpg,1
11137.jpg,0
11138.jpg,1
11139.jpg,0
11140.jpg,1
11141.jpg,0
11142.jpg,0
11143.jpg,0
11144.jpg,0
11145.jpg,0
11146.jpg,0
11147.jpg,0
11148.jpg,0
11149.jpg,0
